insert into Customers (customer_id, first_name,  last_name, phone_number, email_address) values (1,'Saunders', 'Breche', '167-298-5888', 'sbreche0@nba.com');
insert into Customers (customer_id, first_name,  last_name, phone_number, email_address) values (2,'Dario', 'Jacquemard', '701-691-0211', 'djacquemard1@berkeley.edu');
insert into Customers (customer_id, first_name,  last_name, phone_number, email_address) values (3,'Dermot', 'Langworthy', '909-937-9086', 'dlangworthy2@mlb.com');
insert into Customers (customer_id, first_name,  last_name, phone_number, email_address) values (4,'Alys', 'Tillot', '661-529-7636', 'atillot3@hp.com');
insert into Customers (customer_id, first_name,  last_name, phone_number, email_address) values (5,'Sanson', 'Hagstone', '269-197-1161', 'shagstone4@fotki.com');
insert into Customers (customer_id, first_name,  last_name, phone_number, email_address) values (6,'Dee dee', 'Faltskog', '483-619-0121', 'dfaltskog5@yellowpages.com');
insert into Customers (customer_id, first_name,  last_name, phone_number, email_address) values (7,'Chad', 'De Metz', '215-914-4727', 'cdemetz6@foxnews.com');
insert into Customers (customer_id, first_name,  last_name, phone_number, email_address) values (8,'Adiana', 'Denton', '267-125-6287', 'adenton7@delicious.com');
insert into Customers (customer_id, first_name,  last_name, phone_number, email_address) values (9,'Shermie', 'Trenbay', '811-211-5722', 'strenbay8@china.com.cn');
insert into Customers (customer_id, first_name,  last_name, phone_number, email_address) values (10,'Eugenio', 'Simonite', '359-545-1939', 'esimonite9@tripod.com');
insert into Customers (customer_id, first_name,  last_name, phone_number, email_address) values (11,'Eldon', 'Vearnals', '406-809-4334', 'evearnalsa@illinois.edu');
insert into Customers (customer_id, first_name,  last_name, phone_number, email_address) values (12,'Savina', 'Lampaert', '982-466-5016', 'slampaertb@imgur.com');
insert into Customers (customer_id, first_name,  last_name, phone_number, email_address) values (13, 'Cindelyn', 'Tansey', '521-696-5213', 'ctanseyc@google.cn');
insert into Customers (customer_id, first_name,  last_name, phone_number, email_address) values (14,'Hieronymus', 'Roddick', '432-694-6000', 'hroddickd@mit.edu');
insert into Customers (customer_id, first_name,  last_name, phone_number, email_address) values (15,'Filide', 'Du Pre', '219-437-6695', 'fdupree@yolasite.com');
insert into Customers (customer_id, first_name,  last_name, phone_number, email_address) values (16,'Emili', 'Oliphand', '340-148-2998', 'eoliphandf@answers.com');
insert into Customers (customer_id, first_name,  last_name, phone_number, email_address) values (17,'Jocelin', 'Broune', '822-699-8470', 'jbrouneg@elegantthemes.com');
insert into Customers (customer_id, first_name,  last_name, phone_number, email_address) values (18,'Inglebert', 'Climo', '201-805-1927', 'iclimoh@odnoklassniki.ru');
insert into Customers (customer_id, first_name,  last_name, phone_number, email_address) values (19,'Ailene', 'Tothe', '718-816-8202', 'atothei@seattletimes.com');
insert into Customers (customer_id, first_name,  last_name, phone_number, email_address) values (20,'Rennie', 'Casazza', '109-806-3232', 'rcasazzaj@va.gov');
insert into Customers (customer_id, first_name,  last_name, phone_number, email_address) values (21,'Robena', 'Gennerich', '159-491-0106', 'rgennerichk@businessweek.com');
insert into Customers (customer_id, first_name,  last_name, phone_number, email_address) values (22,'Kaia', 'Bault', '796-647-3579', 'kbaultl@ocn.ne.jp');
insert into Customers (customer_id, first_name,  last_name, phone_number, email_address) values (23,'Linet', 'Manntschke', '709-159-1408', 'lmanntschkem@skype.com');
insert into Customers (customer_id, first_name,  last_name, phone_number, email_address) values (24,'Trix', 'Selwood', '559-915-0892', 'tselwoodn@cam.ac.uk');
insert into Customers (customer_id, first_name,  last_name, phone_number, email_address) values (25,'Erma', 'Leere', '655-979-4663', 'eleereo@businessinsider.com');
insert into Customers (customer_id, first_name,  last_name, phone_number, email_address) values (26,'Denny', 'Cleyne', '525-315-5055', 'dcleynep@oracle.com');
insert into Customers (customer_id, first_name,  last_name, phone_number, email_address) values (27,'Hazel', 'Girodias', '939-177-2741', 'hgirodiasq@ed.gov');
insert into Customers (customer_id, first_name,  last_name, phone_number, email_address) values (28,'Hart', 'Heskins', '893-435-7993', 'hheskinsr@deviantart.com');
insert into Customers (customer_id, first_name,  last_name, phone_number, email_address) values (29,'Iris', 'Ashworth', '915-904-6493', 'iashworths@bigcartel.com');
insert into Customers (customer_id, first_name,  last_name, phone_number, email_address) values (30,'Quint', 'Matzeitis', '933-617-4307', 'qmatzeitist@stanford.edu');
insert into Customers (customer_id, first_name,  last_name, phone_number, email_address) values (31,'Silvie', 'Kitto', '883-459-3002', 'skittou@mysql.com');
insert into Customers (customer_id, first_name,  last_name, phone_number, email_address) values (32,'Georgetta', 'Brereton', '644-231-2626', 'gbreretonv@marketwatch.com');
insert into Customers (customer_id, first_name,  last_name, phone_number, email_address) values (33,'Tallie', 'Roft', '685-259-6722', 'troftw@alexa.com');
insert into Customers (customer_id, first_name,  last_name, phone_number, email_address) values (34,'Twila', 'Florez', '343-815-1853', 'tflorezx@mit.edu');
insert into Customers (customer_id, first_name,  last_name, phone_number, email_address) values (35,'Sallyanne', 'Ridesdale', '334-352-8647', 'sridesdaley@unicef.org');
insert into Customers (customer_id, first_name,  last_name, phone_number, email_address) values (36,'Bald', 'Luxford', '541-944-6108', 'bluxfordz@merriam-webster.com');
insert into Customers (customer_id, first_name,  last_name, phone_number, email_address) values (37,'Rochella', 'Kay', '560-264-3709', 'rkay10@home.pl');
insert into Customers (customer_id, first_name,  last_name, phone_number, email_address) values (38,'Stern', 'Scanlon', '917-906-7051', 'sscanlon11@noaa.gov');
insert into Customers (customer_id, first_name,  last_name, phone_number, email_address) values (39,'Guillaume', 'Fennelow', '548-222-4395', 'gfennelow12@dailymotion.com');
insert into Customers (customer_id, first_name,  last_name, phone_number, email_address) values (40,'Jayne', 'Gethouse', '985-682-5986', 'jgethouse13@homestead.com');
insert into Customers (customer_id, first_name,  last_name, phone_number, email_address) values (41,'Burgess', 'Hoodspeth', '366-758-4444', 'bhoodspeth14@lycos.com');
insert into Customers (customer_id, first_name,  last_name, phone_number, email_address) values (42,'Beauregard', 'Grouen', '467-874-9894', 'bgrouen15@google.ru');
insert into Customers (customer_id, first_name,  last_name, phone_number, email_address) values (43,'Pietra', 'Rodenburgh', '917-788-6389', 'prodenburgh16@wikia.com');
insert into Customers (customer_id, first_name,  last_name, phone_number, email_address) values (44,'Adelaide', 'Byrth', '184-507-3250', 'abyrth17@unicef.org');
insert into Customers (customer_id, first_name,  last_name, phone_number, email_address) values (45,'Alphard', 'Meeus', '565-202-5546', 'ameeus18@marketwatch.com');
insert into Customers (customer_id, first_name,  last_name, phone_number, email_address) values (46,'Tamiko', 'Dimitresco', '677-442-0766', 'tdimitresco19@printfriendly.com');
insert into Customers (customer_id, first_name,  last_name, phone_number, email_address) values (47,'Gerti', 'Gridley', '667-271-6420', 'ggridley1a@businesswire.com');
insert into Customers (customer_id, first_name,  last_name, phone_number, email_address) values (48,'Vassily', 'Sefton', '449-232-2465', 'vsefton1b@com.com');
insert into Customers (customer_id, first_name,  last_name, phone_number, email_address) values (49,'Rosabel', 'Ramsier', '692-416-4149', 'rramsier1c@imageshack.us');
insert into Customers (customer_id, first_name,  last_name, phone_number, email_address) values (50,'Emma', 'Ferenc', '253-544-1646', 'eferenc1d@hugedomains.com');


-------------


insert into Employees (employee_id, branch_id, first_name, last_name, phone_number, email_address) values (1, 11, 'Kellina', 'Bushnell', '649-127-2054', 'kbushnell0@cdc.gov');
insert into Employees (employee_id, branch_id, first_name, last_name, phone_number, email_address) values (2, 8, 'Lucho', 'Durbin', '654-421-6951', 'ldurbin1@shutterfly.com');
insert into Employees (employee_id, branch_id, first_name, last_name, phone_number, email_address) values (3, 6, 'Estell', 'Lodo', '602-823-6008', 'elodo2@geocities.jp');
insert into Employees (employee_id, branch_id, first_name, last_name, phone_number, email_address) values (4, 6, 'Ray', 'Fattorini', '558-668-1998', 'rfattorini3@kickstarter.com');
insert into Employees (employee_id, branch_id, first_name, last_name, phone_number, email_address) values (5, 8, 'Nappie', 'Lyndon', '950-243-9483', 'nlyndon4@posterous.com');
insert into Employees (employee_id, branch_id, first_name, last_name, phone_number, email_address) values (6, 8, 'Candi', 'Colten', '946-786-2273', 'ccolten5@ibm.com');
insert into Employees (employee_id, branch_id, first_name, last_name, phone_number, email_address) values (7, 1, 'Elysee', 'Beahan', '804-908-8140', 'ebeahan6@reuters.com');
insert into Employees (employee_id, branch_id, first_name, last_name, phone_number, email_address) values (8, 4, 'Marcia', 'Hastwell', '994-930-8798', 'mhastwell7@altervista.org');
insert into Employees (employee_id, branch_id, first_name, last_name, phone_number, email_address) values (9, 9, 'Gerek', 'Owbrick', '608-655-1762', 'gowbrick8@admin.ch');
insert into Employees (employee_id, branch_id, first_name, last_name, phone_number, email_address) values (10, 5, 'Ortensia', 'Hastewell', '272-134-5501', 'ohastewell9@bluehost.com');
insert into Employees (employee_id, branch_id, first_name, last_name, phone_number, email_address) values (11, 10, 'Latashia', 'Worssam', '936-413-2146', 'lworssama@netvibes.com');
insert into Employees (employee_id, branch_id, first_name, last_name, phone_number, email_address) values (12, 4, 'Fred', 'Spoure', '615-803-5721', 'fspoureb@icio.us');
insert into Employees (employee_id, branch_id, first_name, last_name, phone_number, email_address) values (13, 5, 'Standford', 'Barnham', '638-132-2418', 'sbarnhamc@barnesandnoble.com');
insert into Employees (employee_id, branch_id, first_name, last_name, phone_number, email_address) values (14, 14, 'Gorden', 'Pearl', '643-345-2598', 'gpearld@cargocollective.com');
insert into Employees (employee_id, branch_id, first_name, last_name, phone_number, email_address) values (15, 2, 'Tedra', 'Eustace', '532-757-8980', 'teustacee@zimbio.com');
insert into Employees (employee_id, branch_id, first_name, last_name, phone_number, email_address) values (16, 5, 'Debbie', 'Karys', '439-130-6580', 'dkarysf@upenn.edu');
insert into Employees (employee_id, branch_id, first_name, last_name, phone_number, email_address) values (17, 13, 'Daniel', 'Hambly', '618-428-1466', 'dhamblyg@shutterfly.com');
insert into Employees (employee_id, branch_id, first_name, last_name, phone_number, email_address) values (18, 8, 'Linnell', 'Comi', '786-771-6424', 'lcomih@cornell.edu');
insert into Employees (employee_id, branch_id, first_name, last_name, phone_number, email_address) values (19, 14, 'Evelyn', 'Lawlie', '825-819-9345', 'elawliei@hud.gov');
insert into Employees (employee_id, branch_id, first_name, last_name, phone_number, email_address) values (20, 1, 'Clarette', 'Fidgeon', '449-883-8781', 'cfidgeonj@rambler.ru');
insert into Employees (employee_id, branch_id, first_name, last_name, phone_number, email_address) values (21, 8, 'Rosemaria', 'Methingam', '962-256-9604', 'rmethingamk@yellowbook.com');
insert into Employees (employee_id, branch_id, first_name, last_name, phone_number, email_address) values (22, 7, 'Annabela', 'Veitch', '480-710-9574', 'aveitchl@hhs.gov');
insert into Employees (employee_id, branch_id, first_name, last_name, phone_number, email_address) values (23, 4, 'Ilyssa', 'Pagelsen', '821-994-2394', 'ipagelsenm@indiegogo.com');
insert into Employees (employee_id, branch_id, first_name, last_name, phone_number, email_address) values (24, 9, 'Bryna', 'Godson', '732-147-0253', 'bgodsonn@scribd.com');
insert into Employees (employee_id, branch_id, first_name, last_name, phone_number, email_address) values (25, 12, 'Saraann', 'Locksley', '947-251-7634', 'slocksleyo@bbb.org');
insert into Employees (employee_id, branch_id, first_name, last_name, phone_number, email_address) values (26, 7, 'Pandora', 'Ivanov', '212-340-8034', 'pivanovp@bluehost.com');
insert into Employees (employee_id, branch_id, first_name, last_name, phone_number, email_address) values (27, 3, 'Marni', 'Smeath', '553-288-2090', 'msmeathq@cornell.edu');
insert into Employees (employee_id, branch_id, first_name, last_name, phone_number, email_address) values (28, 1, 'Leif', 'Danilin', '100-490-5947', 'ldanilinr@cocolog-nifty.com');
insert into Employees (employee_id, branch_id, first_name, last_name, phone_number, email_address) values (29, 10, 'Willis', 'Golston', '988-809-7388', 'wgolstons@privacy.gov.au');
insert into Employees (employee_id, branch_id, first_name, last_name, phone_number, email_address) values (30, 3, 'Ferdinande', 'Calwell', '732-239-6811', 'fcalwellt@army.mil');
insert into Employees (employee_id, branch_id, first_name, last_name, phone_number, email_address) values (31, 1, 'Catlaina', 'Patriskson', '735-732-2925', 'cpatrisksonu@dmoz.org');
insert into Employees (employee_id, branch_id, first_name, last_name, phone_number, email_address) values (32, 12, 'Reiko', 'Woolmore', '974-847-4184', 'rwoolmorev@pinterest.com');
insert into Employees (employee_id, branch_id, first_name, last_name, phone_number, email_address) values (33, 5, 'Sandie', 'Championnet', '403-852-1276', 'schampionnetw@slashdot.org');
insert into Employees (employee_id, branch_id, first_name, last_name, phone_number, email_address) values (34, 4, 'Quincey', 'Serjeantson', '217-725-3617', 'qserjeantsonx@home.pl');
insert into Employees (employee_id, branch_id, first_name, last_name, phone_number, email_address) values (35, 9, 'Burnard', 'Harwell', '870-518-1575', 'bharwelly@jugem.jp');
insert into Employees (employee_id, branch_id, first_name, last_name, phone_number, email_address) values (36, 12, 'Costa', 'Bowser', '371-887-9656', 'cbowserz@mapy.cz');
insert into Employees (employee_id, branch_id, first_name, last_name, phone_number, email_address) values (37, 1, 'Leah', 'Strathman', '560-678-5859', 'lstrathman10@tmall.com');
insert into Employees (employee_id, branch_id, first_name, last_name, phone_number, email_address) values (38, 13, 'Elka', 'Booler', '866-182-0244', 'ebooler11@squidoo.com');
insert into Employees (employee_id, branch_id, first_name, last_name, phone_number, email_address) values (39, 12, 'Corbett', 'Routledge', '788-551-6332', 'croutledge12@ebay.co.uk');
insert into Employees (employee_id, branch_id, first_name, last_name, phone_number, email_address) values (40, 5, 'Riobard', 'Dinzey', '298-968-2985', 'rdinzey13@istockphoto.com');
insert into Employees (employee_id, branch_id, first_name, last_name, phone_number, email_address) values (41, 14, 'Euell', 'Vasechkin', '803-189-4464', 'evasechkin14@dailymail.co.uk');
insert into Employees (employee_id, branch_id, first_name, last_name, phone_number, email_address) values (42, 11, 'Juliette', 'Rickson', '699-106-6575', 'jrickson15@redcross.org');
insert into Employees (employee_id, branch_id, first_name, last_name, phone_number, email_address) values (43, 15, 'Fidelity', 'Ferreri', '737-867-3934', 'fferreri16@omniture.com');
insert into Employees (employee_id, branch_id, first_name, last_name, phone_number, email_address) values (44, 12, 'Min', 'Tupling', '854-148-5648', 'mtupling17@geocities.com');
insert into Employees (employee_id, branch_id, first_name, last_name, phone_number, email_address) values (45, 11, 'Gussie', 'Dullaghan', '901-714-0753', 'gdullaghan18@xinhuanet.com');
insert into Employees (employee_id, branch_id, first_name, last_name, phone_number, email_address) values (46, 7, 'Tersina', 'Dignall', '603-960-6855', 'tdignall19@parallels.com');
insert into Employees (employee_id, branch_id, first_name, last_name, phone_number, email_address) values (47, 6, 'Dorris', 'Pedracci', '216-946-2943', 'dpedracci1a@flavors.me');
insert into Employees (employee_id, branch_id, first_name, last_name, phone_number, email_address) values (48, 13, 'Erda', 'O''Donovan', '522-538-2168', 'eodonovan1b@epa.gov');
insert into Employees (employee_id, branch_id, first_name, last_name, phone_number, email_address) values (49, 3, 'Jammal', 'Gircke', '877-273-5777', 'jgircke1c@indiatimes.com');
insert into Employees (employee_id, branch_id, first_name, last_name, phone_number, email_address) values (50, 11, 'Holli', 'Parkes', '258-185-5696', 'hparkes1d@yellowbook.com');
insert into Employees (employee_id, branch_id, first_name, last_name, phone_number, email_address) values (51, 14, 'Leisha', 'Godsell', '439-606-5524', 'lgodsell1e@cnet.com');
insert into Employees (employee_id, branch_id, first_name, last_name, phone_number, email_address) values (52, 10, 'Brenda', 'Castellaccio', '719-965-4396', 'bcastellaccio1f@craigslist.org');
insert into Employees (employee_id, branch_id, first_name, last_name, phone_number, email_address) values (53, 8, 'Dmitri', 'Bonnick', '141-472-2353', 'dbonnick1g@sun.com');
insert into Employees (employee_id, branch_id, first_name, last_name, phone_number, email_address) values (54, 9, 'Holly-anne', 'Shyres', '996-931-3936', 'hshyres1h@booking.com');
insert into Employees (employee_id, branch_id, first_name, last_name, phone_number, email_address) values (55, 7, 'Francklyn', 'Bover', '198-279-9080', 'fbover1i@java.com');
insert into Employees (employee_id, branch_id, first_name, last_name, phone_number, email_address) values (56, 6, 'Dukie', 'Sirl', '602-840-3540', 'dsirl1j@ning.com');
insert into Employees (employee_id, branch_id, first_name, last_name, phone_number, email_address) values (57, 1, 'Simeon', 'Doldon', '105-834-7797', 'sdoldon1k@aboutads.info');
insert into Employees (employee_id, branch_id, first_name, last_name, phone_number, email_address) values (58, 2, 'Lila', 'Disney', '398-380-2476', 'ldisney1l@people.com.cn');
insert into Employees (employee_id, branch_id, first_name, last_name, phone_number, email_address) values (59, 5, 'Arel', 'McKelloch', '824-980-7490', 'amckelloch1m@themeforest.net');
insert into Employees (employee_id, branch_id, first_name, last_name, phone_number, email_address) values (60, 10, 'Ric', 'Gieraths', '126-258-1225', 'rgieraths1n@cnet.com');
insert into Employees (employee_id, branch_id, first_name, last_name, phone_number, email_address) values (61, 14, 'Fionna', 'Copcote', '374-468-4110', 'fcopcote1o@quantcast.com');
insert into Employees (employee_id, branch_id, first_name, last_name, phone_number, email_address) values (62, 14, 'Nap', 'Vannuccinii', '710-816-3489', 'nvannuccinii1p@homestead.com');
insert into Employees (employee_id, branch_id, first_name, last_name, phone_number, email_address) values (63, 10, 'Tonia', 'Chesser', '718-958-0360', 'tchesser1q@nytimes.com');
insert into Employees (employee_id, branch_id, first_name, last_name, phone_number, email_address) values (64, 5, 'Ralina', 'Jillett', '569-992-5181', 'rjillett1r@meetup.com');
insert into Employees (employee_id, branch_id, first_name, last_name, phone_number, email_address) values (65, 4, 'Sydney', 'Iacovacci', '759-552-0298', 'siacovacci1s@parallels.com');
insert into Employees (employee_id, branch_id, first_name, last_name, phone_number, email_address) values (66, 12, 'Franciska', 'Frostdicke', '803-980-7681', 'ffrostdicke1t@huffingtonpost.com');
insert into Employees (employee_id, branch_id, first_name, last_name, phone_number, email_address) values (67, 4, 'Bank', 'Marchand', '630-644-5736', 'bmarchand1u@pinterest.com');
insert into Employees (employee_id, branch_id, first_name, last_name, phone_number, email_address) values (68, 2, 'Ulla', 'Shortland', '569-234-1910', 'ushortland1v@spiegel.de');
insert into Employees (employee_id, branch_id, first_name, last_name, phone_number, email_address) values (69, 4, 'Murielle', 'Yurmanovev', '907-201-4226', 'myurmanovev1w@cocolog-nifty.com');
insert into Employees (employee_id, branch_id, first_name, last_name, phone_number, email_address) values (70, 2, 'Hillie', 'Tinker', '734-454-4788', 'htinker1x@nba.com');
insert into Employees (employee_id, branch_id, first_name, last_name, phone_number, email_address) values (71, 12, 'Stacy', 'Skentelbery', '331-185-1658', 'sskentelbery1y@weather.com');
insert into Employees (employee_id, branch_id, first_name, last_name, phone_number, email_address) values (72, 11, 'Brendin', 'Esselen', '769-787-2273', 'besselen1z@marriott.com');
insert into Employees (employee_id, branch_id, first_name, last_name, phone_number, email_address) values (73, 6, 'Dodi', 'Croasdale', '422-939-5687', 'dcroasdale20@hubpages.com');
insert into Employees (employee_id, branch_id, first_name, last_name, phone_number, email_address) values (74, 3, 'Binnie', 'Stanmer', '667-715-2060', 'bstanmer21@house.gov');



-------------

insert into Branches (branch_id, branch_name, branch_address, branch_city) values (1, 'McDonalds SM City Dasmarinas','SM City Dasmarinas', 'Dasmarinas');
insert into Branches (branch_id, branch_name, branch_address, branch_city) values (2, 'McDonalds Robinsons Place Dasmarinas', 'Robinsons Place Dasmarinas', 'Dasmarinas');
insert into Branches (branch_id, branch_name, branch_address, branch_city) values (3, 'McDonalds SM City Bacoor','SM City Bacoor', 'Bacoor');
insert into Branches (branch_id, branch_name, branch_address, branch_city) values (4, 'McDonalds Robinsons Place Imus', 'Robinsons Place Imus', 'Imus');
insert into Branches (branch_id, branch_name, branch_address, branch_city) values (5, 'McDonalds SM City Molino', 'SM City Molino', 'Bacoor');
insert into Branches (branch_id, branch_name, branch_address, branch_city) values (6, 'Chowking SM City Dasmarinas', 'SM City Dasmarinas', 'Dasmarinas');
insert into Branches (branch_id, branch_name, branch_address, branch_city) values (7, 'Chowking Robinsons Place Dasmarinas',  'Robinsons Place Dasmarinas', 'Dasmarinas');
insert into Branches (branch_id, branch_name, branch_address, branch_city) values (8, 'Chowking SM City Bacoor', 'SM City Bacoor', 'Bacoor');
insert into Branches (branch_id, branch_name, branch_address, branch_city) values (9, 'Chowking Robinsons Place Imus', 'Robinsons Place Imus', 'Imus');
insert into Branches (branch_id, branch_name, branch_address, branch_city) values (10, 'Chowking SM City Molino', 'SM City Molino', 'Bacoor');
insert into Branches (branch_id, branch_name, branch_address, branch_city) values (11, 'Jollibee SM City Dasmarinas', 'SM City Dasmarinas', 'Dasmarinas');
insert into Branches (branch_id, branch_name, branch_address, branch_city) values (12, 'Jollibee Robinsons Place Dasmarinas', 'Robinsons Place Dasmarinas', 'Dasmarinas');
insert into Branches (branch_id, branch_name, branch_address, branch_city) values (13, 'Jollibee SM City Bacoor', 'SM City Bacoor', 'Bacoor');
insert into Branches (branch_id, branch_name, branch_address, branch_city) values (14, 'Jollibee Robinsons Place Imus', 'Robinsons Place Imus', 'Imus');
insert into Branches (branch_id, branch_name, branch_address, branch_city) values (15, 'Jollibee SM City Molino', 'SM City Molino', 'Bacoor');


------------


insert into Orders (order_id, customer_id, branch_id, order_date) values (1, 7, 7, '7/23/2023');
insert into Orders (order_id, customer_id, branch_id, order_date) values (2, 2, 2, '9/9/2023');
insert into Orders (order_id, customer_id, branch_id, order_date) values (3, 39, 2, '2/28/2021');
insert into Orders (order_id, customer_id, branch_id, order_date) values (4, 49, 15, '10/7/2022');
insert into Orders (order_id, customer_id, branch_id, order_date) values (5, 34, 13, '4/24/2021');
insert into Orders (order_id, customer_id, branch_id, order_date) values (6, 37, 10, '4/17/2021');
insert into Orders (order_id, customer_id, branch_id, order_date) values (7, 10, 4, '5/9/2024');
insert into Orders (order_id, customer_id, branch_id, order_date) values (8, 46, 6, '5/18/2023');
insert into Orders (order_id, customer_id, branch_id, order_date) values (9, 44, 5, '10/24/2022');
insert into Orders (order_id, customer_id, branch_id, order_date) values (10, 21, 7, '5/21/2022');
insert into Orders (order_id, customer_id, branch_id, order_date) values (11, 39, 9, '1/26/2023');
insert into Orders (order_id, customer_id, branch_id, order_date) values (12, 3, 5, '10/20/2023');
insert into Orders (order_id, customer_id, branch_id, order_date) values (13, 14, 3, '4/2/2022');
insert into Orders (order_id, customer_id, branch_id, order_date) values (14, 12, 12, '5/19/2024');
insert into Orders (order_id, customer_id, branch_id, order_date) values (15, 45, 5, '7/16/2022');
insert into Orders (order_id, customer_id, branch_id, order_date) values (16, 14, 7, '6/5/2024');
insert into Orders (order_id, customer_id, branch_id, order_date) values (17, 50, 5, '4/29/2024');
insert into Orders (order_id, customer_id, branch_id, order_date) values (18, 13, 11, '3/8/2023');
insert into Orders (order_id, customer_id, branch_id, order_date) values (19, 32, 8, '5/16/2023');
insert into Orders (order_id, customer_id, branch_id, order_date) values (20, 23, 5, '3/12/2020');
insert into Orders (order_id, customer_id, branch_id, order_date) values (21, 42, 6, '9/3/2021');
insert into Orders (order_id, customer_id, branch_id, order_date) values (22, 11, 14, '5/8/2023');
insert into Orders (order_id, customer_id, branch_id, order_date) values (23, 40, 8, '10/8/2022');
insert into Orders (order_id, customer_id, branch_id, order_date) values (24, 11, 6, '5/2/2020');
insert into Orders (order_id, customer_id, branch_id, order_date) values (25, 34, 10, '5/23/2022');
insert into Orders (order_id, customer_id, branch_id, order_date) values (26, 15, 15, '12/17/2020');
insert into Orders (order_id, customer_id, branch_id, order_date) values (27, 41, 15, '12/11/2022');
insert into Orders (order_id, customer_id, branch_id, order_date) values (28, 49, 13, '1/8/2024');
insert into Orders (order_id, customer_id, branch_id, order_date) values (29, 19, 11, '3/16/2023');
insert into Orders (order_id, customer_id, branch_id, order_date) values (30, 44, 2, '9/26/2022');
insert into Orders (order_id, customer_id, branch_id, order_date) values (31, 50, 10, '10/4/2021');
insert into Orders (order_id, customer_id, branch_id, order_date) values (32, 6, 15, '3/8/2021');
insert into Orders (order_id, customer_id, branch_id, order_date) values (33, 9, 14, '1/11/2021');
insert into Orders (order_id, customer_id, branch_id, order_date) values (34, 14, 15, '9/27/2020');
insert into Orders (order_id, customer_id, branch_id, order_date) values (35, 12, 4, '8/8/2022');
insert into Orders (order_id, customer_id, branch_id, order_date) values (36, 22, 15, '7/8/2022');
insert into Orders (order_id, customer_id, branch_id, order_date) values (37, 11, 4, '2/18/2021');
insert into Orders (order_id, customer_id, branch_id, order_date) values (38, 44, 8, '11/19/2021');
insert into Orders (order_id, customer_id, branch_id, order_date) values (39, 21, 4, '6/17/2024');
insert into Orders (order_id, customer_id, branch_id, order_date) values (40, 23, 8, '7/12/2022');
insert into Orders (order_id, customer_id, branch_id, order_date) values (41, 35, 7, '3/1/2024');
insert into Orders (order_id, customer_id, branch_id, order_date) values (42, 8, 2, '5/10/2024');
insert into Orders (order_id, customer_id, branch_id, order_date) values (43, 7, 13, '2/12/2024');
insert into Orders (order_id, customer_id, branch_id, order_date) values (44, 34, 13, '4/6/2023');
insert into Orders (order_id, customer_id, branch_id, order_date) values (45, 6, 2, '6/22/2022');
insert into Orders (order_id, customer_id, branch_id, order_date) values (46, 14, 3, '9/8/2021');
insert into Orders (order_id, customer_id, branch_id, order_date) values (47, 13, 5, '6/1/2020');
insert into Orders (order_id, customer_id, branch_id, order_date) values (48, 20, 14, '5/11/2024');
insert into Orders (order_id, customer_id, branch_id, order_date) values (49, 1, 2, '6/26/2021');
insert into Orders (order_id, customer_id, branch_id, order_date) values (50, 32, 7, '10/1/2020');
insert into Orders (order_id, customer_id, branch_id, order_date) values (51, 13, 13, '1/10/2024');
insert into Orders (order_id, customer_id, branch_id, order_date) values (52, 26, 14, '6/7/2023');
insert into Orders (order_id, customer_id, branch_id, order_date) values (53, 34, 10, '5/13/2021');
insert into Orders (order_id, customer_id, branch_id, order_date) values (54, 32, 6, '11/11/2021');
insert into Orders (order_id, customer_id, branch_id, order_date) values (55, 27, 13, '4/19/2020');
insert into Orders (order_id, customer_id, branch_id, order_date) values (56, 50, 14, '4/13/2022');
insert into Orders (order_id, customer_id, branch_id, order_date) values (57, 50, 7, '3/31/2023');
insert into Orders (order_id, customer_id, branch_id, order_date) values (58, 50, 2, '5/16/2020');
insert into Orders (order_id, customer_id, branch_id, order_date) values (59, 22, 4, '9/28/2020');
insert into Orders (order_id, customer_id, branch_id, order_date) values (60, 31, 10, '4/20/2022');
insert into Orders (order_id, customer_id, branch_id, order_date) values (61, 23, 12, '10/6/2020');
insert into Orders (order_id, customer_id, branch_id, order_date) values (62, 48, 1, '10/11/2020');
insert into Orders (order_id, customer_id, branch_id, order_date) values (63, 47, 13, '1/16/2021');
insert into Orders (order_id, customer_id, branch_id, order_date) values (64, 40, 11, '8/25/2020');
insert into Orders (order_id, customer_id, branch_id, order_date) values (65, 19, 7, '4/10/2022');
insert into Orders (order_id, customer_id, branch_id, order_date) values (66, 7, 4, '4/25/2020');
insert into Orders (order_id, customer_id, branch_id, order_date) values (67, 1, 13, '2/1/2023');
insert into Orders (order_id, customer_id, branch_id, order_date) values (68, 27, 2, '5/24/2022');
insert into Orders (order_id, customer_id, branch_id, order_date) values (69, 17, 4, '8/23/2022');
insert into Orders (order_id, customer_id, branch_id, order_date) values (70, 3, 1, '6/18/2023');
insert into Orders (order_id, customer_id, branch_id, order_date) values (71, 7, 9, '6/3/2021');
insert into Orders (order_id, customer_id, branch_id, order_date) values (72, 36, 6, '5/2/2024');
insert into Orders (order_id, customer_id, branch_id, order_date) values (73, 7, 2, '12/29/2022');
insert into Orders (order_id, customer_id, branch_id, order_date) values (74, 21, 8, '7/24/2021');
insert into Orders (order_id, customer_id, branch_id, order_date) values (75, 45, 2, '11/29/2021');
insert into Orders (order_id, customer_id, branch_id, order_date) values (76, 4, 8, '7/5/2024');
insert into Orders (order_id, customer_id, branch_id, order_date) values (77, 31, 14, '11/14/2022');
insert into Orders (order_id, customer_id, branch_id, order_date) values (78, 14, 8, '1/12/2021');
insert into Orders (order_id, customer_id, branch_id, order_date) values (79, 12, 6, '1/27/2024');
insert into Orders (order_id, customer_id, branch_id, order_date) values (80, 6, 7, '8/5/2020');
insert into Orders (order_id, customer_id, branch_id, order_date) values (81, 41, 13, '1/11/2020');
insert into Orders (order_id, customer_id, branch_id, order_date) values (82, 33, 13, '10/31/2020');
insert into Orders (order_id, customer_id, branch_id, order_date) values (83, 43, 15, '10/26/2021');
insert into Orders (order_id, customer_id, branch_id, order_date) values (84, 28, 14, '7/25/2021');
insert into Orders (order_id, customer_id, branch_id, order_date) values (85, 15, 7, '8/18/2024');
insert into Orders (order_id, customer_id, branch_id, order_date) values (86, 37, 15, '11/16/2021');
insert into Orders (order_id, customer_id, branch_id, order_date) values (87, 35, 9, '4/7/2023');
insert into Orders (order_id, customer_id, branch_id, order_date) values (88, 4, 10, '9/24/2021');
insert into Orders (order_id, customer_id, branch_id, order_date) values (89, 24, 10, '8/15/2024');
insert into Orders (order_id, customer_id, branch_id, order_date) values (90, 1, 5, '11/14/2021');
insert into Orders (order_id, customer_id, branch_id, order_date) values (91, 43, 4, '9/30/2021');
insert into Orders (order_id, customer_id, branch_id, order_date) values (92, 21, 2, '1/8/2024');
insert into Orders (order_id, customer_id, branch_id, order_date) values (93, 17, 6, '11/29/2023');
insert into Orders (order_id, customer_id, branch_id, order_date) values (94, 36, 10, '12/17/2021');
insert into Orders (order_id, customer_id, branch_id, order_date) values (95, 28, 2, '2/29/2020');
insert into Orders (order_id, customer_id, branch_id, order_date) values (96, 43, 11, '5/23/2021');
insert into Orders (order_id, customer_id, branch_id, order_date) values (97, 19, 5, '6/18/2023');
insert into Orders (order_id, customer_id, branch_id, order_date) values (98, 10, 14, '4/28/2023');
insert into Orders (order_id, customer_id, branch_id, order_date) values (99, 47, 12, '5/26/2023');
insert into Orders (order_id, customer_id, branch_id, order_date) values (100, 41, 14, '6/23/2023');


----------

insert into Menu_items (item_id, item_name, item_price) values (1, 'Spaghetti', 70);
insert into Menu_items (item_id, item_name, item_price) values (2, 'Burger', 40);
insert into Menu_items (item_id, item_name, item_price) values (3, 'Coke', 30);
insert into Menu_items (item_id, item_name, item_price) values (4, 'Fries', 30);
insert into Menu_items (item_id, item_name, item_price) values (5, 'Rice', 15);


----------


insert into OrderItems (order_id, item_id, item_quantity) values (45, 1, 6);
insert into OrderItems (order_id, item_id, item_quantity) values (12, 3, 9);
insert into OrderItems (order_id, item_id, item_quantity) values (78, 5, 7);
insert into OrderItems (order_id, item_id, item_quantity) values (3, 2, 5);
insert into OrderItems (order_id, item_id, item_quantity) values (91, 4, 10);
insert into OrderItems (order_id, item_id, item_quantity) values (23, 1, 4);
insert into OrderItems (order_id, item_id, item_quantity) values (37, 3, 2);
insert into OrderItems (order_id, item_id, item_quantity) values (89, 2, 8);
insert into OrderItems (order_id, item_id, item_quantity) values (14, 5, 1);
insert into OrderItems (order_id, item_id, item_quantity) values (54, 4, 3);
insert into OrderItems (order_id, item_id, item_quantity) values (66, 2, 9);
insert into OrderItems (order_id, item_id, item_quantity) values (82, 3, 6);
insert into OrderItems (order_id, item_id, item_quantity) values (7, 1, 7);
insert into OrderItems (order_id, item_id, item_quantity) values (90, 5, 10);
insert into OrderItems (order_id, item_id, item_quantity) values (29, 4, 1);
insert into OrderItems (order_id, item_id, item_quantity) values (32, 3, 8);
insert into OrderItems (order_id, item_id, item_quantity) values (17, 1, 2);
insert into OrderItems (order_id, item_id, item_quantity) values (46, 2, 5);
insert into OrderItems (order_id, item_id, item_quantity) values (94, 4, 6);
insert into OrderItems (order_id, item_id, item_quantity) values (10, 5, 10);
insert into OrderItems (order_id, item_id, item_quantity) values (85, 1, 8);
insert into OrderItems (order_id, item_id, item_quantity) values (34, 3, 2);
insert into OrderItems (order_id, item_id, item_quantity) values (68, 2, 7);
insert into OrderItems (order_id, item_id, item_quantity) values (50, 5, 9);
insert into OrderItems (order_id, item_id, item_quantity) values (21, 4, 3);
insert into OrderItems (order_id, item_id, item_quantity) values (40, 1, 6);
insert into OrderItems (order_id, item_id, item_quantity) values (63, 2, 4);
insert into OrderItems (order_id, item_id, item_quantity) values (99, 3, 5);
insert into OrderItems (order_id, item_id, item_quantity) values (22, 5, 10);
insert into OrderItems (order_id, item_id, item_quantity) values (9, 4, 9);
insert into OrderItems (order_id, item_id, item_quantity) values (76, 1, 7);
insert into OrderItems (order_id, item_id, item_quantity) values (5, 2, 1);
insert into OrderItems (order_id, item_id, item_quantity) values (62, 4, 5);
insert into OrderItems (order_id, item_id, item_quantity) values (88, 3, 3);
insert into OrderItems (order_id, item_id, item_quantity) values (56, 5, 2);
insert into OrderItems (order_id, item_id, item_quantity) values (97, 1, 8);
insert into OrderItems (order_id, item_id, item_quantity) values (28, 4, 7);
insert into OrderItems (order_id, item_id, item_quantity) values (53, 2, 9);
insert into OrderItems (order_id, item_id, item_quantity) values (18, 3, 10);
insert into OrderItems (order_id, item_id, item_quantity) values (83, 5, 4);
insert into OrderItems (order_id, item_id, item_quantity) values (41, 1, 6);
insert into OrderItems (order_id, item_id, item_quantity) values (77, 3, 9);
insert into OrderItems (order_id, item_id, item_quantity) values (16, 2, 3);
insert into OrderItems (order_id, item_id, item_quantity) values (24, 4, 10);
insert into OrderItems (order_id, item_id, item_quantity) values (69, 5, 1);
insert into OrderItems (order_id, item_id, item_quantity) values (35, 1, 5);
insert into OrderItems (order_id, item_id, item_quantity) values (80, 2, 8);
insert into OrderItems (order_id, item_id, item_quantity) values (6, 4, 7);
insert into OrderItems (order_id, item_id, item_quantity) values (49, 3, 6);
insert into OrderItems (order_id, item_id, item_quantity) values (13, 5, 2);
insert into OrderItems (order_id, item_id, item_quantity) values (95, 1, 3);
insert into OrderItems (order_id, item_id, item_quantity) values (52, 2, 10);
insert into OrderItems (order_id, item_id, item_quantity) values (75, 4, 9);
insert into OrderItems (order_id, item_id, item_quantity) values (19, 3, 4);
insert into OrderItems (order_id, item_id, item_quantity) values (8, 5, 6);
insert into OrderItems (order_id, item_id, item_quantity) values (64, 1, 7);
insert into OrderItems (order_id, item_id, item_quantity) values (33, 2, 8);
insert into OrderItems (order_id, item_id, item_quantity) values (98, 4, 9);
insert into OrderItems (order_id, item_id, item_quantity) values (20, 3, 5);
insert into OrderItems (order_id, item_id, item_quantity) values (48, 5, 10);
insert into OrderItems (order_id, item_id, item_quantity) values (27, 1, 2);
insert into OrderItems (order_id, item_id, item_quantity) values (86, 3, 9);
insert into OrderItems (order_id, item_id, item_quantity) values (61, 2, 6);
insert into OrderItems (order_id, item_id, item_quantity) values (4, 4, 8);
insert into OrderItems (order_id, item_id, item_quantity) values (71, 1, 7);
insert into OrderItems (order_id, item_id, item_quantity) values (31, 5, 2);
insert into OrderItems (order_id, item_id, item_quantity) values (70, 3, 10);
insert into OrderItems (order_id, item_id, item_quantity) values (15, 4, 5);
insert into OrderItems (order_id, item_id, item_quantity) values (42, 2, 1);
insert into OrderItems (order_id, item_id, item_quantity) values (59, 1, 9);
insert into OrderItems (order_id, item_id, item_quantity) values (84, 3, 4);
insert into OrderItems (order_id, item_id, item_quantity) values (60, 5, 6);
insert into OrderItems (order_id, item_id, item_quantity) values (25, 4, 10);
insert into OrderItems (order_id, item_id, item_quantity) values (43, 1, 3);
insert into OrderItems (order_id, item_id, item_quantity) values (30, 2, 8);
insert into OrderItems (order_id, item_id, item_quantity) values (100, 4, 6);
insert into OrderItems (order_id, item_id, item_quantity) values (67, 3, 7);
insert into OrderItems (order_id, item_id, item_quantity) values (11, 5, 5);
insert into OrderItems (order_id, item_id, item_quantity) values (73, 1, 9);
insert into OrderItems (order_id, item_id, item_quantity) values (39, 3, 2);
insert into OrderItems (order_id, item_id, item_quantity) values (51, 2, 6);
insert into OrderItems (order_id, item_id, item_quantity) values (72, 4, 8);
insert into OrderItems (order_id, item_id, item_quantity) values (57, 5, 4);
insert into OrderItems (order_id, item_id, item_quantity) values (36, 1, 3);
insert into OrderItems (order_id, item_id, item_quantity) values (96, 3, 10);
insert into OrderItems (order_id, item_id, item_quantity) values (26, 4, 5);
insert into OrderItems (order_id, item_id, item_quantity) values (79, 2, 7);
insert into OrderItems (order_id, item_id, item_quantity) values (38, 5, 1);
insert into OrderItems (order_id, item_id, item_quantity) values (55, 1, 4);
insert into OrderItems (order_id, item_id, item_quantity) values (47, 3, 9);
insert into OrderItems (order_id, item_id, item_quantity) values (74, 2, 2);
insert into OrderItems (order_id, item_id, item_quantity) values (2, 5, 7);
insert into OrderItems (order_id, item_id, item_quantity) values (44, 3, 10);
insert into OrderItems (order_id, item_id, item_quantity) values (67, 1, 8);
insert into OrderItems (order_id, item_id, item_quantity) values (31, 2, 5);
insert into OrderItems (order_id, item_id, item_quantity) values (89, 4, 6);
insert into OrderItems (order_id, item_id, item_quantity) values (17, 3, 4);
insert into OrderItems (order_id, item_id, item_quantity) values (78, 5, 2);
insert into OrderItems (order_id, item_id, item_quantity) values (23, 1, 9);
insert into OrderItems (order_id, item_id, item_quantity) values (93, 4, 1);
insert into OrderItems (order_id, item_id, item_quantity) values (8, 2, 6);
insert into OrderItems (order_id, item_id, item_quantity) values (52, 3, 5);
insert into OrderItems (order_id, item_id, item_quantity) values (94, 1, 7);
insert into OrderItems (order_id, item_id, item_quantity) values (62, 5, 10);
insert into OrderItems (order_id, item_id, item_quantity) values (4, 4, 3);
insert into OrderItems (order_id, item_id, item_quantity) values (49, 2, 8);
insert into OrderItems (order_id, item_id, item_quantity) values (12, 3, 9);
insert into OrderItems (order_id, item_id, item_quantity) values (36, 1, 6);
insert into OrderItems (order_id, item_id, item_quantity) values (58, 4, 7);
insert into OrderItems (order_id, item_id, item_quantity) values (85, 5, 4);
insert into OrderItems (order_id, item_id, item_quantity) values (29, 3, 8);
insert into OrderItems (order_id, item_id, item_quantity) values (99, 1, 2);
insert into OrderItems (order_id, item_id, item_quantity) values (6, 2, 7);
insert into OrderItems (order_id, item_id, item_quantity) values (81, 5, 3);
insert into OrderItems (order_id, item_id, item_quantity) values (15, 4, 8);
insert into OrderItems (order_id, item_id, item_quantity) values (74, 2, 6);
insert into OrderItems (order_id, item_id, item_quantity) values (26, 1, 5);
insert into OrderItems (order_id, item_id, item_quantity) values (92, 3, 10);
insert into OrderItems (order_id, item_id, item_quantity) values (18, 4, 4);
insert into OrderItems (order_id, item_id, item_quantity) values (66, 5, 9);
insert into OrderItems (order_id, item_id, item_quantity) values (37, 2, 8);
insert into OrderItems (order_id, item_id, item_quantity) values (45, 3, 2);
insert into OrderItems (order_id, item_id, item_quantity) values (21, 4, 9);
insert into OrderItems (order_id, item_id, item_quantity) values (54, 1, 3);
insert into OrderItems (order_id, item_id, item_quantity) values (100, 5, 7);
insert into OrderItems (order_id, item_id, item_quantity) values (10, 2, 4);
insert into OrderItems (order_id, item_id, item_quantity) values (91, 3, 6);
insert into OrderItems (order_id, item_id, item_quantity) values (28, 4, 10);
insert into OrderItems (order_id, item_id, item_quantity) values (60, 1, 9);
insert into OrderItems (order_id, item_id, item_quantity) values (14, 5, 8);
insert into OrderItems (order_id, item_id, item_quantity) values (33, 3, 2);
insert into OrderItems (order_id, item_id, item_quantity) values (86, 4, 6);
insert into OrderItems (order_id, item_id, item_quantity) values (40, 2, 5);
insert into OrderItems (order_id, item_id, item_quantity) values (7, 1, 7);
insert into OrderItems (order_id, item_id, item_quantity) values (83, 3, 4);
insert into OrderItems (order_id, item_id, item_quantity) values (22, 4, 9);
insert into OrderItems (order_id, item_id, item_quantity) values (50, 2, 6);
insert into OrderItems (order_id, item_id, item_quantity) values (95, 5, 5);
insert into OrderItems (order_id, item_id, item_quantity) values (35, 1, 2);
insert into OrderItems (order_id, item_id, item_quantity) values (13, 3, 10);
insert into OrderItems (order_id, item_id, item_quantity) values (55, 4, 8);
insert into OrderItems (order_id, item_id, item_quantity) values (97, 2, 3);
insert into OrderItems (order_id, item_id, item_quantity) values (16, 1, 6);
insert into OrderItems (order_id, item_id, item_quantity) values (76, 5, 7);
insert into OrderItems (order_id, item_id, item_quantity) values (34, 4, 9);
insert into OrderItems (order_id, item_id, item_quantity) values (88, 3, 1);
insert into OrderItems (order_id, item_id, item_quantity) values (9, 2, 6);
insert into OrderItems (order_id, item_id, item_quantity) values (41, 1, 7);
insert into OrderItems (order_id, item_id, item_quantity) values (84, 5, 2);
insert into OrderItems (order_id, item_id, item_quantity) values (19, 4, 10);
insert into OrderItems (order_id, item_id, item_quantity) values (53, 3, 9);
insert into OrderItems (order_id, item_id, item_quantity) values (75, 2, 5);
insert into OrderItems (order_id, item_id, item_quantity) values (11, 4, 6);
insert into OrderItems (order_id, item_id, item_quantity) values (46, 1, 4);
insert into OrderItems (order_id, item_id, item_quantity) values (59, 5, 8);
insert into OrderItems (order_id, item_id, item_quantity) values (20, 3, 7);
insert into OrderItems (order_id, item_id, item_quantity) values (61, 4, 1);
insert into OrderItems (order_id, item_id, item_quantity) values (25, 2, 6);
insert into OrderItems (order_id, item_id, item_quantity) values (72, 5, 3);
insert into OrderItems (order_id, item_id, item_quantity) values (38, 1, 9);
insert into OrderItems (order_id, item_id, item_quantity) values (43, 4, 7);
insert into OrderItems (order_id, item_id, item_quantity) values (87, 3, 6);
insert into OrderItems (order_id, item_id, item_quantity) values (27, 5, 2);
insert into OrderItems (order_id, item_id, item_quantity) values (48, 1, 8);
insert into OrderItems (order_id, item_id, item_quantity) values (56, 4, 5);
insert into OrderItems (order_id, item_id, item_quantity) values (30, 2, 9);
insert into OrderItems (order_id, item_id, item_quantity) values (73, 3, 4);
insert into OrderItems (order_id, item_id, item_quantity) values (5, 5, 10);
insert into OrderItems (order_id, item_id, item_quantity) values (96, 1, 2);
insert into OrderItems (order_id, item_id, item_quantity) values (39, 4, 6);
insert into OrderItems (order_id, item_id, item_quantity) values (68, 3, 9);
insert into OrderItems (order_id, item_id, item_quantity) values (24, 5, 4);
insert into OrderItems (order_id, item_id, item_quantity) values (77, 2, 7);
insert into OrderItems (order_id, item_id, item_quantity) values (63, 1, 8);
insert into OrderItems (order_id, item_id, item_quantity) values (71, 4, 3);
insert into OrderItems (order_id, item_id, item_quantity) values (42, 5, 7);
insert into OrderItems (order_id, item_id, item_quantity) values (32, 3, 6);
insert into OrderItems (order_id, item_id, item_quantity) values (47, 1, 5);
insert into OrderItems (order_id, item_id, item_quantity) values (82, 2, 1);
insert into OrderItems (order_id, item_id, item_quantity) values (51, 3, 10);
insert into OrderItems (order_id, item_id, item_quantity) values (57, 5, 2);
